{
    "SPY": {
        "df": 2.52973732,
        "loc": 0.00096109,
        "scale": 0.00616334
    },
    "AAPL": {
        "df": 3.01939758,
        "loc": 0.00128994,
        "scale": 0.01148903
    },
    "QQQ": {
        "df": 2.857483996398497,
        "loc": 0.0014649712958076755,
        "scale": 0.008618152001472331
    },
    "GLD": {
        "df": 3.807784528017616,
        "loc": 0.000671789460401876,
        "scale": 0.006863241256770536
    },
    "TLT": {
        "df": 5.670042992422083,
        "loc": 2.0137548729554024e-05,
        "scale": 0.007456251640326359
    }
}